1,1,1,Yordi,Meng,201233000,unknown11@gmail.com,Easton 11,22
2,1,3,Lita,KK,201233001,unknown12@gmail.com,Easton 12,23
3,1,1,Padd,Meng,201233002,unknown12@gmail.com,Easton 13,24
4,1,2,Paul,Ming,201233003,unknown12@gmail.com,Easton 14,25
5,1,2,Mark,Ruffalo,201233004,unknown12@gmail.com,Easton 15,26
6,1,1,Steve,Rogers,201233005,unknown12@gmail.com,Easton 16,27
7,1,5,Bruce ,Banner,201233006,unknown12@gmail.com,Easton 17,28
8,1,1,Tony,Start ,201233007,unknown12@gmail.com,Easton 18,29
9,1,2,Thanos,Thanos,201233008,unknown13@gmail.com,Easton 19,30
10,1,3,Ben ,Tennison,201233009,unknown12@gmail.com,Easton 20,31
11,1,1,Michael ,Jordan,201233010,unknown13@gmail.com,Easton 21,32
12,1,1,Hamna ,Younas,201233011,unknown12@gmail.com,Easton 22,33
13,1,1,Paul ,Rogers,201233012,unknown13@gmail.com,Easton 23,34
14,1,2,Michael , Sky ,201233013,unknown12@gmail.com,Easton 24,35
15,1,2,Liva,Ravao ,201233014,unknown13@gmail.com,Easton 25,36
16,1,2,Eli,Crippen,201233015,unknown12@gmail.com,Easton 26,37
17,1,2,Taylor ,Strong ,201233016,unknown13@gmail.com,Easton 27,38
18,1,2,Thanos ,Zafy ,201233017,unknown12@gmail.com,Easton 28,39
19,1,3,Stef,Rogers,201233018,unknown13@gmail.com,Easton 29,40
20,1,3,Mike,Tyson,201233019,unknown12@gmail.com,Easton 30,41
21,1,4,Mary,Banner ,201233020,unknown12@gmail.com,Easton 31,42
22,1,4,Stacey,Steven ,201233021,unknown13@gmail.com,Easton 32,43
23,1,4,Shannon,Neloy ,201233022,unknown12@gmail.com,Easton 33,44
24,1,4,James,Carl ,201233023,unknown12@gmail.com,Easton 34,45
25,1,5,Nicole,Max ,201233024,unknown13@gmail.com,Easton 35,46
26,1,5,James,Nicole,201233025,unknown12@gmail.com,Easton 36,47
27,1,5,Aaron ,Hoff,201233026,unknown12@gmail.com,Easton 37,48
28,1,5,Justin ,Beiber,201233027,unknown13@gmail.com,Easton 38,49
29,1,5,James,Bond,201233028,unknown12@gmail.com,Easton 39,50
30,1,1,Susan,Averett,201233029,unknown12@gmail.com,Easton 40,51
31,1,1, Stafford,Univ,201233030,unknown13@gmail.com,Easton 41,52
32,1,1, Meyer,Schaun,201233031,unknown12@gmail.com,Easton 42,53
33,1,1, Perez,Ally ,201233032,unknown12@gmail.com,Easton 43,54
34,1,2, Blevins,Elly ,201233033,unknown13@gmail.com,Easton 44,55
35,1,2, Wells,Flor ,201233034,unknown12@gmail.com,Easton 45,56
36,1,2, Fritz Jr.,Carl ,201233035,unknown12@gmail.com,Easton 46,57
37,1,3,Brown,James ,201233036,unknown13@gmail.com,Easton 47,58
38,1,3,Jensen,Jackson ,201233037,unknown12@gmail.com,Easton 48,59
39,1,34, Taylor,Smith ,201233038,unknown12@gmail.com,Easton 49,60
40,1,4, Gray,Anna,201233039,unknown13@gmail.com,Easton 50,61